-- phpMyAdmin SQL Dump
-- version 4.6.5.2
-- https://www.phpmyadmin.net/
--
-- Host: localhost
-- Generation Time: Jan 26, 2017 at 12:08 PM
-- Server version: 5.7.16-0ubuntu0.16.04.1
-- PHP Version: 7.0.8-0ubuntu0.16.04.3

SET SQL_MODE = "NO_AUTO_VALUE_ON_ZERO";
SET time_zone = "+00:00";


/*!40101 SET @OLD_CHARACTER_SET_CLIENT=@@CHARACTER_SET_CLIENT */;
/*!40101 SET @OLD_CHARACTER_SET_RESULTS=@@CHARACTER_SET_RESULTS */;
/*!40101 SET @OLD_COLLATION_CONNECTION=@@COLLATION_CONNECTION */;
/*!40101 SET NAMES utf8mb4 */;

--
-- Database: `nipa-video-platform`
--

-- --------------------------------------------------------

--
-- Table structure for table `brand`
--

CREATE TABLE `brand` (
  `id` varchar(20) COLLATE utf8_unicode_ci NOT NULL,
  `username` varchar(100) COLLATE utf8_unicode_ci NOT NULL,
  `password` varchar(32) COLLATE utf8_unicode_ci NOT NULL,
  `social_id` varchar(100) COLLATE utf8_unicode_ci DEFAULT NULL
) ENGINE=InnoDB DEFAULT CHARSET=utf8 COLLATE=utf8_unicode_ci;

--
-- Dumping data for table `brand`
--

INSERT INTO `brand` (`id`, `username`, `password`, `social_id`) VALUES
('8be89e30b8', 'sereepap2029', '12345', '');

-- --------------------------------------------------------

--
-- Table structure for table `campaign`
--

CREATE TABLE `campaign` (
  `id` varchar(20) COLLATE utf8_unicode_ci NOT NULL,
  `name` text COLLATE utf8_unicode_ci NOT NULL,
  `budget_start` bigint(11) NOT NULL,
  `budget_end` bigint(11) NOT NULL,
  `url` text COLLATE utf8_unicode_ci NOT NULL,
  `start_date` bigint(11) NOT NULL,
  `end_date` bigint(11) NOT NULL,
  `description` text COLLATE utf8_unicode_ci NOT NULL,
  `picture` text COLLATE utf8_unicode_ci NOT NULL,
  `status` enum('active','proposing','WIP','complete','cancel') COLLATE utf8_unicode_ci NOT NULL DEFAULT 'active',
  `brand_id` varchar(20) COLLATE utf8_unicode_ci NOT NULL
) ENGINE=InnoDB DEFAULT CHARSET=utf8 COLLATE=utf8_unicode_ci;

--
-- Dumping data for table `campaign`
--

INSERT INTO `campaign` (`id`, `name`, `budget_start`, `budget_end`, `url`, `start_date`, `end_date`, `description`, `picture`, `status`, `brand_id`) VALUES
('1d217a349e', 'Review Atom', 1000, 10000, 'dasljdlkasd', 1483635601, 1485795601, 'There are many variations of passages of Lorem Ipsum available, but the majority have suffered alteration in some form, by injected humour, or randomised words which don\'t look even slightly believable. If you are going to use a passage of Lorem Ipsum, you need to be sure there isn\'t anything embarrassing hidden in the middle of text. All the Lorem Ipsum generators on the Internet tend to repeat predefined chunks as necessary, making this the first true generator on the Internet. It uses a dictionary of over 200 Latin words, combined with a handful of model sentence structures, to generate Lorem Ipsum which looks reasonable. The generated Lorem Ipsum is therefore always free from repetition, injected humour, or non-characteristic words etc.', '1d217a349e_profile.jpg', 'active', '8be89e30b8'),
('5d169a6978', 'tweqwwe', 6000, 70000, '123asdas', 1483376401, 1485795601, 'There are many variations of passages of Lorem Ipsum available, but the majority have suffered alteration in some form, by injected humour, or randomised words which don\'t look even slightly believable. If you are going to use a passage of Lorem Ipsum, you need to be sure there isn\'t anything embarrassing hidden in the middle of text. All the Lorem Ipsum generators on the Internet tend to repeat predefined chunks as necessary, making this the first true generator on the Internet. It uses a dictionary of over 200 Latin words, combined with a handful of model sentence structures, to generate Lorem Ipsum which looks reasonable. The generated Lorem Ipsum is therefore always free from repetition, injected humour, or non-characteristic words etc.', '5d169a6978_profile.jpg', 'active', '8be89e30b8'),
('7394f6ce64', 'dasd', 2333, 222222, '21312', 1483462801, 1485795601, 'There are many variations of passages of Lorem Ipsum available, but the majority have suffered alteration in some form, by injected humour, or randomised words which don\'t look even slightly believable. If you are going to use a passage of Lorem Ipsum, you need to be sure there isn\'t anything embarrassing hidden in the middle of text. All the Lorem Ipsum generators on the Internet tend to repeat predefined chunks as necessary, making this the first true generator on the Internet. It uses a dictionary of over 200 Latin words, combined with a handful of model sentence structures, to generate Lorem Ipsum which looks reasonable. The generated Lorem Ipsum is therefore always free from repetition, injected humour, or non-characteristic words etc.', '7394f6ce64_profile.jpg', 'active', '8be89e30b8'),
('79702eabca', 'atom', 32123, 3213, 'ssdasewq', 1482253201, 1483117201, 'There are many variations of passages of Lorem Ipsum available, but the majority have suffered alteration in some form, by injected humour, or randomised words which don\'t look even slightly believable. If you are going to use a passage of Lorem Ipsum, you need to be sure there isn\'t anything embarrassing hidden in the middle of text. All the Lorem Ipsum generators on the Internet tend to repeat predefined chunks as necessary, making this the first true generator on the Internet. It uses a dictionary of over 200 Latin words, combined with a handful of model sentence structures, to generate Lorem Ipsum which looks reasonable. The generated Lorem Ipsum is therefore always free from repetition, injected humour, or non-characteristic words etc.', '79702eabca_profile.jpg', 'active', '8be89e30b8'),
('82e5a79741', '2312321', 1000, 2000000, 'wqeq', 1483549201, 1485795601, 'There are many variations of passages of Lorem Ipsum available, but the majority have suffered alteration in some form, by injected humour, or randomised words which don\'t look even slightly believable. If you are going to use a passage of Lorem Ipsum, you need to be sure there isn\'t anything embarrassing hidden in the middle of text. All the Lorem Ipsum generators on the Internet tend to repeat predefined chunks as necessary, making this the first true generator on the Internet. It uses a dictionary of over 200 Latin words, combined with a handful of model sentence structures, to generate Lorem Ipsum which looks reasonable. The generated Lorem Ipsum is therefore always free from repetition, injected humour, or non-characteristic words etc.', '82e5a79741_profile.png', 'active', '8be89e30b8'),
('c4cec37c5c', 'rewqe', 2000, 339999, 'dasd', 1483462801, 1485795601, 'There are many variations of passages of Lorem Ipsum available, but the majority have suffered alteration in some form, by injected humour, or randomised words which don\'t look even slightly believable. If you are going to use a passage of Lorem Ipsum, you need to be sure there isn\'t anything embarrassing hidden in the middle of text. All the Lorem Ipsum generators on the Internet tend to repeat predefined chunks as necessary, making this the first true generator on the Internet. It uses a dictionary of over 200 Latin words, combined with a handful of model sentence structures, to generate Lorem Ipsum which looks reasonable. The generated Lorem Ipsum is therefore always free from repetition, injected humour, or non-characteristic words etc.', 'c4cec37c5c_profile.jpg', 'active', '8be89e30b8');

-- --------------------------------------------------------

--
-- Table structure for table `campaign_creator`
--

CREATE TABLE `campaign_creator` (
  `id` varchar(20) COLLATE utf8_unicode_ci NOT NULL,
  `name` text COLLATE utf8_unicode_ci NOT NULL,
  `budget_start` bigint(11) NOT NULL,
  `budget_end` bigint(11) NOT NULL,
  `start_date` bigint(11) NOT NULL,
  `end_date` bigint(11) NOT NULL,
  `description` text COLLATE utf8_unicode_ci NOT NULL,
  `picture` text COLLATE utf8_unicode_ci NOT NULL,
  `status` enum('active','proposing','WIP','complete','cancel') COLLATE utf8_unicode_ci NOT NULL DEFAULT 'active',
  `creator_id` varchar(20) COLLATE utf8_unicode_ci NOT NULL,
  `privacy` enum('private','public') COLLATE utf8_unicode_ci NOT NULL
) ENGINE=InnoDB DEFAULT CHARSET=utf8 COLLATE=utf8_unicode_ci;

-- --------------------------------------------------------

--
-- Table structure for table `campaign_creator_has_creator`
--

CREATE TABLE `campaign_creator_has_creator` (
  `id` varchar(20) COLLATE utf8_unicode_ci NOT NULL,
  `creator_id` varchar(20) COLLATE utf8_unicode_ci NOT NULL,
  `creator_type` enum('producer','influencer') COLLATE utf8_unicode_ci NOT NULL DEFAULT 'producer',
  `campaign_id` varchar(20) COLLATE utf8_unicode_ci NOT NULL,
  `invite_type` enum('invite','submit') COLLATE utf8_unicode_ci NOT NULL,
  `create_by` varchar(20) COLLATE utf8_unicode_ci NOT NULL
) ENGINE=InnoDB DEFAULT CHARSET=utf8 COLLATE=utf8_unicode_ci;

-- --------------------------------------------------------

--
-- Table structure for table `campaign_has_creator`
--

CREATE TABLE `campaign_has_creator` (
  `id` varchar(20) COLLATE utf8_unicode_ci NOT NULL,
  `creator_id` varchar(20) COLLATE utf8_unicode_ci NOT NULL,
  `creator_type` enum('producer','influencer') COLLATE utf8_unicode_ci NOT NULL DEFAULT 'producer',
  `campaign_id` varchar(20) COLLATE utf8_unicode_ci NOT NULL,
  `invite_type` enum('invite','submit') COLLATE utf8_unicode_ci NOT NULL,
  `brand_id` varchar(20) COLLATE utf8_unicode_ci NOT NULL
) ENGINE=InnoDB DEFAULT CHARSET=utf8 COLLATE=utf8_unicode_ci;

--
-- Dumping data for table `campaign_has_creator`
--

INSERT INTO `campaign_has_creator` (`id`, `creator_id`, `creator_type`, `campaign_id`, `invite_type`, `brand_id`) VALUES
('3598e7d87f', 'ed52a23669', 'influencer', 'c4cec37c5c', 'submit', '8be89e30b8'),
('8b23251070', 'ed52a23669', 'influencer', '79702eabca', 'submit', '8be89e30b8'),
('9d308bf675', 'ed52a23669', 'influencer', '82e5a79741', 'submit', '8be89e30b8'),
('d6e0251b6f', 'ed52a23669', 'influencer', '7394f6ce64', 'submit', '8be89e30b8');

-- --------------------------------------------------------

--
-- Table structure for table `campaign_has_social`
--

CREATE TABLE `campaign_has_social` (
  `id` varchar(20) COLLATE utf8_unicode_ci NOT NULL,
  `social` enum('facebook','youtube') COLLATE utf8_unicode_ci NOT NULL,
  `campaign_id` varchar(20) COLLATE utf8_unicode_ci NOT NULL
) ENGINE=InnoDB DEFAULT CHARSET=utf8 COLLATE=utf8_unicode_ci ROW_FORMAT=DYNAMIC;

--
-- Dumping data for table `campaign_has_social`
--

INSERT INTO `campaign_has_social` (`id`, `social`, `campaign_id`) VALUES
('01068b605f', 'youtube', '7394f6ce64'),
('1c88b57398', 'facebook', '79702eabca'),
('1f565ecc48', 'youtube', '82e5a79741'),
('2cca826aa2', 'youtube', 'c4cec37c5c'),
('33082208b5', 'youtube', '1d217a349e'),
('571dab0930', 'facebook', '82e5a79741'),
('8525f0cc66', 'facebook', '1d217a349e'),
('a0487688b1', 'facebook', '7394f6ce64'),
('b55355612d', 'youtube', '79702eabca'),
('dca59c22bb', 'facebook', '5d169a6978'),
('f0bb5ca9d5', 'youtube', '5d169a6978');

-- --------------------------------------------------------

--
-- Table structure for table `ci_sessions`
--

CREATE TABLE `ci_sessions` (
  `id` varchar(128) COLLATE utf8_unicode_ci NOT NULL,
  `ip_address` varchar(45) COLLATE utf8_unicode_ci NOT NULL,
  `timestamp` int(10) UNSIGNED NOT NULL DEFAULT '0',
  `data` blob NOT NULL
) ENGINE=InnoDB DEFAULT CHARSET=utf8 COLLATE=utf8_unicode_ci;

--
-- Dumping data for table `ci_sessions`
--

INSERT INTO `ci_sessions` (`id`, `ip_address`, `timestamp`, `data`) VALUES
('578lgekop849ut4u2g8l2egd9nfmgd8o', '127.0.0.1', 1481885463, 0x5f5f63695f6c6173745f726567656e65726174657c693a313438313838353436333b),
('mes20d8vrgi9i6ndpkqo4iqm8m52k7fg', '127.0.0.1', 1481886042, 0x5f5f63695f6c6173745f726567656e65726174657c693a313438313838363034323b),
('gj48qr4680q0avtn76ni655646c98g0h', '127.0.0.1', 1481886358, 0x5f5f63695f6c6173745f726567656e65726174657c693a313438313838363335383b),
('9oq8t54023a72ina3td01j487lut979r', '127.0.0.1', 1481886685, 0x5f5f63695f6c6173745f726567656e65726174657c693a313438313838363638353b),
('1d4vtb2k15eifa3sap76oblbl5c2mv9u', '127.0.0.1', 1481887008, 0x5f5f63695f6c6173745f726567656e65726174657c693a313438313838373030383b),
('2196maslcqmls81ea1kufi03fcr8d21n', '127.0.0.1', 1481887560, 0x5f5f63695f6c6173745f726567656e65726174657c693a313438313838373536303b),
('2e5ebil37fbg32ls6p1dlf4dtkuf7mrn', '127.0.0.1', 1481888203, 0x5f5f63695f6c6173745f726567656e65726174657c693a313438313838383230333b),
('65iqt4njosu5kvr4udodnkqciu392155', '127.0.0.1', 1481888217, 0x5f5f63695f6c6173745f726567656e65726174657c693a313438313838383230333b),
('9vrqqdd8hm8rn3a614b49o0070iksne0', '127.0.0.1', 1482372584, 0x5f5f63695f6c6173745f726567656e65726174657c693a313438323337323538343b),
('j3d9et7qjlth8pdvjkfeavbtdqoidv8k', '127.0.0.1', 1482372979, 0x5f5f63695f6c6173745f726567656e65726174657c693a313438323337323937393b6272616e645f69647c733a31303a2238626538396533306238223b),
('b8uqdo8lh92bql4if12v3msdd5s9savt', '127.0.0.1', 1482373723, 0x5f5f63695f6c6173745f726567656e65726174657c693a313438323337333732333b6272616e645f69647c733a31303a2238626538396533306238223b),
('55al7c2fupik88938gcq6v0bhmlnk7ru', '127.0.0.1', 1482380243, 0x5f5f63695f6c6173745f726567656e65726174657c693a313438323338303234333b6272616e645f69647c733a31303a2238626538396533306238223b),
('mq18oj6dd903g1euoast3be1oge38kdk', '127.0.0.1', 1482381771, 0x5f5f63695f6c6173745f726567656e65726174657c693a313438323338313737313b6272616e645f69647c733a31303a2238626538396533306238223b),
('okg4sgfs5bjlf808majpuipd8n8ef1j9', '127.0.0.1', 1482382142, 0x5f5f63695f6c6173745f726567656e65726174657c693a313438323338323134323b6272616e645f69647c733a31303a2238626538396533306238223b),
('ds74bmqmqag2c8u16u8bbooi1kgj304v', '127.0.0.1', 1482382142, 0x5f5f63695f6c6173745f726567656e65726174657c693a313438323338323134323b6272616e645f69647c733a31303a2238626538396533306238223b),
('koqadgiqhh3tu3k61dgpel2i21etptnb', '127.0.0.1', 1482390224, 0x5f5f63695f6c6173745f726567656e65726174657c693a313438323339303232343b6272616e645f69647c733a31303a2238626538396533306238223b),
('llt4mt5p17p2riiosbjv69l2sufevo3r', '127.0.0.1', 1482390610, 0x5f5f63695f6c6173745f726567656e65726174657c693a313438323339303631303b6272616e645f69647c733a31303a2238626538396533306238223b),
('8csrnp6dr5qbjim2kn043n0u33ltqp0s', '127.0.0.1', 1482391253, 0x5f5f63695f6c6173745f726567656e65726174657c693a313438323339313235333b6272616e645f69647c733a31303a2238626538396533306238223b),
('v86h9pdb1ckuu5tvao34jmh714tmposv', '127.0.0.1', 1482391744, 0x5f5f63695f6c6173745f726567656e65726174657c693a313438323339313734343b6272616e645f69647c733a31303a2238626538396533306238223b),
('3kllqrbg1apqk71e2mcgvvroc5nn9vhq', '127.0.0.1', 1482392115, 0x5f5f63695f6c6173745f726567656e65726174657c693a313438323339323131353b6272616e645f69647c733a31303a2238626538396533306238223b),
('7kb26fn2i5cjp163k37lbl7krl5h6f5o', '127.0.0.1', 1482392453, 0x5f5f63695f6c6173745f726567656e65726174657c693a313438323339323435333b6272616e645f69647c733a31303a2238626538396533306238223b),
('kra487g55tpm1oqkug7vmmjtmlu90n43', '127.0.0.1', 1482393643, 0x5f5f63695f6c6173745f726567656e65726174657c693a313438323339333634333b6272616e645f69647c733a31303a2238626538396533306238223b),
('2v02vj4tq6h1h2eqsbgnh3o0cuk2998b', '127.0.0.1', 1482393983, 0x5f5f63695f6c6173745f726567656e65726174657c693a313438323339333938333b6272616e645f69647c733a31303a2238626538396533306238223b),
('hp7bsoajldipkr8shlh3seimftts50j8', '127.0.0.1', 1482394345, 0x5f5f63695f6c6173745f726567656e65726174657c693a313438323339343334353b6272616e645f69647c733a31303a2238626538396533306238223b),
('fud3tstf6007fkjeq2n29apl8gfcr1r4', '127.0.0.1', 1482395082, 0x5f5f63695f6c6173745f726567656e65726174657c693a313438323339353038323b6272616e645f69647c733a31303a2238626538396533306238223b),
('ubvkpebt723jpvp2eo01ll3bbbb54ecj', '127.0.0.1', 1482395407, 0x5f5f63695f6c6173745f726567656e65726174657c693a313438323339353430373b6272616e645f69647c733a31303a2238626538396533306238223b),
('729m48nphvv308tr3rpkgk53230pkg6h', '127.0.0.1', 1482398397, 0x5f5f63695f6c6173745f726567656e65726174657c693a313438323339383339373b6272616e645f69647c733a31303a2238626538396533306238223b),
('ju970ekbm1e49jag71nnl4om1basqoj4', '127.0.0.1', 1482398948, 0x5f5f63695f6c6173745f726567656e65726174657c693a313438323339383934383b6272616e645f69647c733a31303a2238626538396533306238223b),
('tnhfr21b35bk76kmm3e62o9bi6o18i7s', '127.0.0.1', 1482399329, 0x5f5f63695f6c6173745f726567656e65726174657c693a313438323339393332393b6272616e645f69647c733a31303a2238626538396533306238223b),
('l824cek44kt5pk98v3sialbokvo4i5p5', '127.0.0.1', 1482405131, 0x5f5f63695f6c6173745f726567656e65726174657c693a313438323430353133313b6272616e645f69647c733a31303a2238626538396533306238223b),
('elnbaqa594ok2ebdavusbu5riatbttvm', '127.0.0.1', 1482405131, 0x5f5f63695f6c6173745f726567656e65726174657c693a313438323430353133313b6272616e645f69647c733a31303a2238626538396533306238223b),
('khrihth2pvntiijjt4o4qsfkanif1kef', '127.0.0.1', 1482457256, 0x5f5f63695f6c6173745f726567656e65726174657c693a313438323435373235363b),
('6ls5qm1js98q5gepr0u5tf1dc0h1nnhj', '127.0.0.1', 1482484012, 0x5f5f63695f6c6173745f726567656e65726174657c693a313438323438343031323b6272616e645f69647c733a31303a2238626538396533306238223b),
('7clqccp5t4ufcq0lvhjh9kioop74onac', '127.0.0.1', 1482484390, 0x5f5f63695f6c6173745f726567656e65726174657c693a313438323438343339303b6272616e645f69647c733a31303a2238626538396533306238223b),
('n0obtihibvvnumdbh9nrr9jft49plm44', '127.0.0.1', 1482484689, 0x5f5f63695f6c6173745f726567656e65726174657c693a313438323438343339303b6272616e645f69647c733a31303a2238626538396533306238223b),
('kp311aj4vhsn17l2199s234l5cpfgb0g', '127.0.0.1', 1482977775, 0x5f5f63695f6c6173745f726567656e65726174657c693a313438323937373737353b6272616e645f69647c733a31303a2238626538396533306238223b),
('bag0dcbdvftt3obcg2ht43abn1pkoe5m', '127.0.0.1', 1482980058, 0x5f5f63695f6c6173745f726567656e65726174657c693a313438323938303035383b6272616e645f69647c733a31303a2238626538396533306238223b),
('vj3o64m40oukd1kts4dppk6cgh9c3dqj', '127.0.0.1', 1482986160, 0x5f5f63695f6c6173745f726567656e65726174657c693a313438323938363136303b6272616e645f69647c733a31303a2238626538396533306238223b),
('a9062a5pbqrfermt21ujt2udkpnmsdag', '127.0.0.1', 1482988256, 0x5f5f63695f6c6173745f726567656e65726174657c693a313438323938383235363b6272616e645f69647c733a31303a2238626538396533306238223b),
('g4nhg4d2kgdjj2na57s9igc2iveee73q', '127.0.0.1', 1482989269, 0x5f5f63695f6c6173745f726567656e65726174657c693a313438323938393236393b6272616e645f69647c733a31303a2238626538396533306238223b),
('n65oeuhomi21g3qjvt6n9crm6i29vn8i', '127.0.0.1', 1482989574, 0x5f5f63695f6c6173745f726567656e65726174657c693a313438323938393537343b6272616e645f69647c733a31303a2238626538396533306238223b),
('qlsk0h3ld8boob53ak26328s58bug0kp', '127.0.0.1', 1482989528, 0x5f5f63695f6c6173745f726567656e65726174657c693a313438323938393532383b),
('ldspnsden29cvmpd916ab4p0v4bddr56', '127.0.0.1', 1482989568, 0x5f5f63695f6c6173745f726567656e65726174657c693a313438323938393536383b),
('4uo6m0mla029m2udjhnrquq8tipukilm', '127.0.0.1', 1482989965, 0x5f5f63695f6c6173745f726567656e65726174657c693a313438323938393936353b6272616e645f69647c733a31303a2238626538396533306238223b),
('h570gpgp8mri2u5i7pe28t0pj5onpfjs', '127.0.0.1', 1482989581, 0x5f5f63695f6c6173745f726567656e65726174657c693a313438323938393538313b),
('1aus5p28u1pg4g11su3fofb0lf4r2h0b', '127.0.0.1', 1482989689, 0x5f5f63695f6c6173745f726567656e65726174657c693a313438323938393638393b),
('ad39rdmptkqr50uqe197e6dnhu1ms424', '127.0.0.1', 1482989718, 0x5f5f63695f6c6173745f726567656e65726174657c693a313438323938393731383b),
('837ndqa2liahpv5pre3dgmvu3kcqhug5', '127.0.0.1', 1482990816, 0x5f5f63695f6c6173745f726567656e65726174657c693a313438323939303831363b6272616e645f69647c733a31303a2238626538396533306238223b),
('i030bb623hhucp9cbu4nlpdlr5nnn0c4', '127.0.0.1', 1482990022, 0x5f5f63695f6c6173745f726567656e65726174657c693a313438323939303032323b),
('pne44mcc4uupmfdjp6chnqv0sf8sqdc3', '127.0.0.1', 1482990053, 0x5f5f63695f6c6173745f726567656e65726174657c693a313438323939303035333b),
('95ujr2pja899b7n2hejqgrk27h0gcfko', '127.0.0.1', 1482990075, 0x5f5f63695f6c6173745f726567656e65726174657c693a313438323939303037353b),
('4hpr3gd39lo2kigs9obc6g81084pum0k', '127.0.0.1', 1482991272, 0x5f5f63695f6c6173745f726567656e65726174657c693a313438323939313237323b6272616e645f69647c733a31303a2238626538396533306238223b),
('np15p82gd5au1i809ieptak18k6cu1sf', '127.0.0.1', 1482990847, 0x5f5f63695f6c6173745f726567656e65726174657c693a313438323939303834373b),
('nu9sn33orihn67151crepgac5648l2uc', '127.0.0.1', 1482995314, 0x5f5f63695f6c6173745f726567656e65726174657c693a313438323939353331343b6272616e645f69647c733a31303a2238626538396533306238223b),
('5gjede1tjk5buh9bd2s4rqpsoonhb0q6', '127.0.0.1', 1482991303, 0x5f5f63695f6c6173745f726567656e65726174657c693a313438323939313330333b),
('18anv95kp52c7f8ul47tp3lgv3u94pej', '127.0.0.1', 1482991355, 0x5f5f63695f6c6173745f726567656e65726174657c693a313438323939313335353b),
('5icmuonu8e8e46f89cuf59lcmfnv1kf6', '127.0.0.1', 1482995741, 0x5f5f63695f6c6173745f726567656e65726174657c693a313438323939353734313b6272616e645f69647c733a31303a2238626538396533306238223b),
('0jua8j2i66d2i7us8ku9fas17g9svfjp', '127.0.0.1', 1482995741, 0x5f5f63695f6c6173745f726567656e65726174657c693a313438323939353734313b),
('oh1ddeflrgqrlcojvnossfelq05i89ih', '127.0.0.1', 1482996585, 0x5f5f63695f6c6173745f726567656e65726174657c693a313438323939363538353b6272616e645f69647c733a31303a2238626538396533306238223b),
('78uc1lg0fl008pv5v5cd246a8nleivib', '127.0.0.1', 1482998820, 0x5f5f63695f6c6173745f726567656e65726174657c693a313438323939383832303b6272616e645f69647c733a31303a2238626538396533306238223b),
('vrcmbddq1cu6t3avddko067768ss082v', '127.0.0.1', 1482998820, 0x5f5f63695f6c6173745f726567656e65726174657c693a313438323939383832303b6272616e645f69647c733a31303a2238626538396533306238223b),
('n0h68o9jm04kkcocffdo1errtr56ta33', '127.0.0.1', 1483595630, 0x5f5f63695f6c6173745f726567656e65726174657c693a313438333539353632393b),
('44hebih8og2caq16evq5gt6rporb7gso', '127.0.0.1', 1483595944, 0x5f5f63695f6c6173745f726567656e65726174657c693a313438333539353934343b6272616e645f69647c733a31303a2238626538396533306238223b),
('nsce16eqf5ng9hsq055rpas3b6iuehet', '127.0.0.1', 1483597177, 0x5f5f63695f6c6173745f726567656e65726174657c693a313438333539373137373b6272616e645f69647c733a31303a2238626538396533306238223b),
('s67mlr2m6f3ptenuli1mk2dc8ljs6v98', '127.0.0.1', 1483597763, 0x5f5f63695f6c6173745f726567656e65726174657c693a313438333539373736333b6272616e645f69647c733a31303a2238626538396533306238223b),
('so9eu1ljb2665ngm2112gq3c4itrp6p6', '127.0.0.1', 1483598072, 0x5f5f63695f6c6173745f726567656e65726174657c693a313438333539383037323b6272616e645f69647c733a31303a2238626538396533306238223b),
('imkvbp82dlaok7768n3a1ikijilpbb2r', '127.0.0.1', 1483598381, 0x5f5f63695f6c6173745f726567656e65726174657c693a313438333539383338313b6272616e645f69647c733a31303a2238626538396533306238223b),
('uimee4kmoidv830gdiuneibkc48qb6bu', '127.0.0.1', 1483598706, 0x5f5f63695f6c6173745f726567656e65726174657c693a313438333539383730363b6272616e645f69647c733a31303a2238626538396533306238223b),
('e6iv941kl2ocofcgnk4s2udtv60jaq57', '127.0.0.1', 1483601967, 0x5f5f63695f6c6173745f726567656e65726174657c693a313438333630313936373b6272616e645f69647c733a31303a2238626538396533306238223b),
('27tuof62sacpui92jkg8d6rurmss3557', '127.0.0.1', 1483605269, 0x5f5f63695f6c6173745f726567656e65726174657c693a313438333630353236393b6272616e645f69647c733a31303a2238626538396533306238223b),
('us952i8uqr3pd8m8q5o5ikdkpep2cc0m', '127.0.0.1', 1483605625, 0x5f5f63695f6c6173745f726567656e65726174657c693a313438333630353632353b6272616e645f69647c733a31303a2238626538396533306238223b),
('hed8adfrjgbiqan81pvb6bdil9e407pu', '127.0.0.1', 1483607274, 0x5f5f63695f6c6173745f726567656e65726174657c693a313438333630373237343b6272616e645f69647c733a31303a2238626538396533306238223b),
('jijoev9s6ou1nj7msodscmekitjiq8gr', '127.0.0.1', 1483608298, 0x5f5f63695f6c6173745f726567656e65726174657c693a313438333630383239383b6272616e645f69647c733a31303a2238626538396533306238223b),
('0g3etj8sf1mim474e4qdk59riqmm250c', '127.0.0.1', 1483608731, 0x5f5f63695f6c6173745f726567656e65726174657c693a313438333630383733313b6272616e645f69647c733a31303a2238626538396533306238223b),
('kc8jl3hsp1vd52773p3r6rd5qcj0dutr', '127.0.0.1', 1483609447, 0x5f5f63695f6c6173745f726567656e65726174657c693a313438333630393434373b6272616e645f69647c733a31303a2238626538396533306238223b),
('jv99np31k5rmo1hos4pver6en75si6h9', '127.0.0.1', 1483614995, 0x5f5f63695f6c6173745f726567656e65726174657c693a313438333631343939353b6272616e645f69647c733a31303a2238626538396533306238223b),
('ohf3gkhrn1bo4t1i3gc2tubom4mvngj4', '127.0.0.1', 1483615250, 0x5f5f63695f6c6173745f726567656e65726174657c693a313438333631343939353b6272616e645f69647c733a31303a2238626538396533306238223b),
('ovetmdiioca6osigns49qo0qr5tqmgph', '127.0.0.1', 1483674156, 0x5f5f63695f6c6173745f726567656e65726174657c693a313438333637343135363b),
('53eee7c3lpol6nv2glffng94trj8l5nn', '127.0.0.1', 1483674169, 0x5f5f63695f6c6173745f726567656e65726174657c693a313438333637343135363b6272616e645f69647c733a31303a2238626538396533306238223b),
('s6t8rr7h757fqv1vhatfh70u5q5rcgfd', '127.0.0.1', 1483692430, 0x5f5f63695f6c6173745f726567656e65726174657c693a313438333639323433303b6272616e645f69647c733a31303a2238626538396533306238223b),
('iba09m3quva2j21qedr7e5e8tu0v32ah', '127.0.0.1', 1483692779, 0x5f5f63695f6c6173745f726567656e65726174657c693a313438333639323737393b6272616e645f69647c733a31303a2238626538396533306238223b),
('6j905c31jm7hv5uk1it000cssugffoc4', '127.0.0.1', 1483694329, 0x5f5f63695f6c6173745f726567656e65726174657c693a313438333639343332393b6272616e645f69647c733a31303a2238626538396533306238223b),
('cbutjf8f9tar37hv4reopsldh4t6nqp3', '127.0.0.1', 1483692910, 0x5f5f63695f6c6173745f726567656e65726174657c693a313438333639323931303b),
('krsuk6gp69etv02p6fd1fhjsqnorvpeq', '127.0.0.1', 1483699007, 0x5f5f63695f6c6173745f726567656e65726174657c693a313438333639393030373b6272616e645f69647c733a31303a2238626538396533306238223b),
('88e0kppsd6bg4s6tf54i3hrshqereepd', '127.0.0.1', 1483699669, 0x5f5f63695f6c6173745f726567656e65726174657c693a313438333639393636393b6272616e645f69647c733a31303a2238626538396533306238223b),
('1a1k3f5n2ga5v8o2oq5hj0om0475kkk8', '127.0.0.1', 1483699722, 0x5f5f63695f6c6173745f726567656e65726174657c693a313438333639393636393b),
('iukp9ub07e8s492n5959iag5270ivf0i', '127.0.0.1', 1484210340, 0x5f5f63695f6c6173745f726567656e65726174657c693a313438343231303334303b),
('rtg10gu1ar93qv3b6bltl1e98cnvu31u', '127.0.0.1', 1484210345, 0x5f5f63695f6c6173745f726567656e65726174657c693a313438343231303334303b6272616e645f69647c733a31303a2238626538396533306238223b),
('sv08ig0p1d2ebpg9o0mjfjmbbb35i5tu', '127.0.0.1', 1484274180, 0x5f5f63695f6c6173745f726567656e65726174657c693a313438343237343138303b696e666c75656e6365725f69647c733a31303a2265643532613233363639223b),
('akk3ebjb2h1e508qu98v88dstp99ptce', '127.0.0.1', 1484276742, 0x5f5f63695f6c6173745f726567656e65726174657c693a313438343237363734323b696e666c75656e6365725f69647c733a31303a2265643532613233363639223b),
('99nqpqqo1h4d4j6n34qi5plat0i3hiuv', '127.0.0.1', 1484277168, 0x5f5f63695f6c6173745f726567656e65726174657c693a313438343237373136383b696e666c75656e6365725f69647c733a31303a2265643532613233363639223b),
('lidp85pq9ilbbsqijq2g6hj4qj29emps', '127.0.0.1', 1484277501, 0x5f5f63695f6c6173745f726567656e65726174657c693a313438343237373530313b696e666c75656e6365725f69647c733a31303a2265643532613233363639223b),
('pkp70o5qqceb1v5m7jee5abpljsfmovt', '127.0.0.1', 1484278000, 0x5f5f63695f6c6173745f726567656e65726174657c693a313438343237383030303b696e666c75656e6365725f69647c733a31303a2265643532613233363639223b),
('q1p368efq9r7co0ar832vdkrti1rvb7t', '127.0.0.1', 1484278986, 0x5f5f63695f6c6173745f726567656e65726174657c693a313438343237383938363b696e666c75656e6365725f69647c733a31303a2265643532613233363639223b),
('vqss2hqrtjf92e3dch86mps48uf6tq78', '127.0.0.1', 1484280086, 0x5f5f63695f6c6173745f726567656e65726174657c693a313438343238303038363b696e666c75656e6365725f69647c733a31303a2265643532613233363639223b),
('fa4dbfpae8al3i38dgfsddrk7alindiv', '127.0.0.1', 1484280415, 0x5f5f63695f6c6173745f726567656e65726174657c693a313438343238303431353b696e666c75656e6365725f69647c733a31303a2265643532613233363639223b6272616e645f69647c733a31303a2238626538396533306238223b),
('lmdu4d81lqrmiv9ve4i57m99bohboqq4', '127.0.0.1', 1484280415, 0x5f5f63695f6c6173745f726567656e65726174657c693a313438343238303431353b),
('hd8620vvr21ls43lgl8k97b1rqq0b66n', '127.0.0.1', 1484280771, 0x5f5f63695f6c6173745f726567656e65726174657c693a313438343238303737313b696e666c75656e6365725f69647c733a31303a2265643532613233363639223b6272616e645f69647c733a31303a2238626538396533306238223b),
('29tg37b5mpoav214jb15qlgma0tv4lt7', '127.0.0.1', 1484280558, 0x5f5f63695f6c6173745f726567656e65726174657c693a313438343238303535383b),
('njion3m94u3ba5rgn2eqblb63c8ejcpf', '127.0.0.1', 1484281189, 0x5f5f63695f6c6173745f726567656e65726174657c693a313438343238313138393b696e666c75656e6365725f69647c733a31303a2265643532613233363639223b6272616e645f69647c733a31303a2238626538396533306238223b),
('g8kcp40p155fi8d0qkq9541ltve9aunk', '127.0.0.1', 1484280812, 0x5f5f63695f6c6173745f726567656e65726174657c693a313438343238303831323b),
('eh8l5ako71sptq83tolkdov70bbijsuc', '127.0.0.1', 1484280833, 0x5f5f63695f6c6173745f726567656e65726174657c693a313438343238303833333b),
('ag4mmbjs9fpj5vu4u959pqvocegioc63', '127.0.0.1', 1484280849, 0x5f5f63695f6c6173745f726567656e65726174657c693a313438343238303834393b),
('5c6m20n393kh4quvli0ri0h8l9shpcuj', '127.0.0.1', 1484282163, 0x5f5f63695f6c6173745f726567656e65726174657c693a313438343238323136333b696e666c75656e6365725f69647c733a31303a2265643532613233363639223b6272616e645f69647c733a31303a2238626538396533306238223b),
('6tkii1s0io105mqlaa2dod8u3oshr8lf', '127.0.0.1', 1484282479, 0x5f5f63695f6c6173745f726567656e65726174657c693a313438343238323437393b696e666c75656e6365725f69647c733a31303a2265643532613233363639223b6272616e645f69647c733a31303a2238626538396533306238223b),
('86hjjgp2ju2kf1g1iaue7oed3309tp0g', '127.0.0.1', 1484282822, 0x5f5f63695f6c6173745f726567656e65726174657c693a313438343238323832323b696e666c75656e6365725f69647c733a31303a2265643532613233363639223b6272616e645f69647c733a31303a2238626538396533306238223b),
('mmborkfppmqdfon53t85pga0dpj849ng', '127.0.0.1', 1484283281, 0x5f5f63695f6c6173745f726567656e65726174657c693a313438343238333238313b696e666c75656e6365725f69647c733a31303a2265643532613233363639223b6272616e645f69647c733a31303a2238626538396533306238223b),
('vlbr1la16a084bvtpimcfast4a55uugm', '127.0.0.1', 1484285303, 0x5f5f63695f6c6173745f726567656e65726174657c693a313438343238353330333b696e666c75656e6365725f69647c733a31303a2265643532613233363639223b6272616e645f69647c733a31303a2238626538396533306238223b),
('23agm66n8o5apku4lf7s7vmuo34ictm1', '127.0.0.1', 1484286531, 0x5f5f63695f6c6173745f726567656e65726174657c693a313438343238363533313b696e666c75656e6365725f69647c733a31303a2265643532613233363639223b6272616e645f69647c733a31303a2238626538396533306238223b),
('gumdf9vqa6oj802ff0h233k53pocj1n0', '127.0.0.1', 1484286855, 0x5f5f63695f6c6173745f726567656e65726174657c693a313438343238363835353b696e666c75656e6365725f69647c733a31303a2265643532613233363639223b6272616e645f69647c733a31303a2238626538396533306238223b),
('b40mikkhadq5eftliq6h24oijjrapd56', '127.0.0.1', 1484287241, 0x5f5f63695f6c6173745f726567656e65726174657c693a313438343238373234313b696e666c75656e6365725f69647c733a31303a2265643532613233363639223b6272616e645f69647c733a31303a2238626538396533306238223b),
('e7es0eki4fgkamtnra0fm47cbnjfgh1v', '127.0.0.1', 1484288254, 0x5f5f63695f6c6173745f726567656e65726174657c693a313438343238383235343b696e666c75656e6365725f69647c733a31303a2265643532613233363639223b6272616e645f69647c733a31303a2238626538396533306238223b),
('bqgfv1cdiei78idnc0akl7mm2ijgdunr', '127.0.0.1', 1484294090, 0x5f5f63695f6c6173745f726567656e65726174657c693a313438343239343039303b696e666c75656e6365725f69647c733a31303a2265643532613233363639223b6272616e645f69647c733a31303a2238626538396533306238223b),
('0g55s2tno5mhjbku6osc8506silov7d4', '127.0.0.1', 1484296269, 0x5f5f63695f6c6173745f726567656e65726174657c693a313438343239363236393b696e666c75656e6365725f69647c733a31303a2265643532613233363639223b6272616e645f69647c733a31303a2238626538396533306238223b),
('ip4pe956itk48ho6sg8nsd1upeq3dqhm', '127.0.0.1', 1484297401, 0x5f5f63695f6c6173745f726567656e65726174657c693a313438343239373430313b696e666c75656e6365725f69647c733a31303a2265643532613233363639223b6272616e645f69647c733a31303a2238626538396533306238223b),
('nog1sc01oj9vjstundbjn5edsgj02npp', '127.0.0.1', 1484297737, 0x5f5f63695f6c6173745f726567656e65726174657c693a313438343239373733373b696e666c75656e6365725f69647c733a31303a2265643532613233363639223b6272616e645f69647c733a31303a2238626538396533306238223b),
('qsbiue8g23rubbfp5d5cn3md2f1fpqfu', '127.0.0.1', 1484298053, 0x5f5f63695f6c6173745f726567656e65726174657c693a313438343239383035333b696e666c75656e6365725f69647c733a31303a2265643532613233363639223b6272616e645f69647c733a31303a2238626538396533306238223b),
('67jremou0jh9bb8op7480fh73fqkd444', '127.0.0.1', 1484298414, 0x5f5f63695f6c6173745f726567656e65726174657c693a313438343239383431343b696e666c75656e6365725f69647c733a31303a2265643532613233363639223b6272616e645f69647c733a31303a2238626538396533306238223b),
('apfpcc28r8tgerrlnjhvkpjvotp1ebji', '127.0.0.1', 1484301525, 0x5f5f63695f6c6173745f726567656e65726174657c693a313438343330313532353b696e666c75656e6365725f69647c733a31303a2265643532613233363639223b6272616e645f69647c733a31303a2238626538396533306238223b),
('7ft9sg9c2oonkmif5s3g8i2vfkcfnmm1', '127.0.0.1', 1484301985, 0x5f5f63695f6c6173745f726567656e65726174657c693a313438343330313938353b696e666c75656e6365725f69647c733a31303a2265643532613233363639223b6272616e645f69647c733a31303a2238626538396533306238223b),
('amu3oa32bmuc78815r5bnrk6q182e99s', '127.0.0.1', 1484302287, 0x5f5f63695f6c6173745f726567656e65726174657c693a313438343330323238373b696e666c75656e6365725f69647c733a31303a2265643532613233363639223b6272616e645f69647c733a31303a2238626538396533306238223b),
('asl60bi92an5djva2ofivos7fa3qcl1k', '127.0.0.1', 1484302774, 0x5f5f63695f6c6173745f726567656e65726174657c693a313438343330323737343b696e666c75656e6365725f69647c733a31303a2265643532613233363639223b6272616e645f69647c733a31303a2238626538396533306238223b),
('572eas1499eog8bemv9mgjdphulelhss', '127.0.0.1', 1484304532, 0x5f5f63695f6c6173745f726567656e65726174657c693a313438343330343533323b696e666c75656e6365725f69647c733a31303a2265643532613233363639223b6272616e645f69647c733a31303a2238626538396533306238223b),
('h02tbvga3g2ime7v52an5rmv55fqkqe7', '127.0.0.1', 1484304934, 0x5f5f63695f6c6173745f726567656e65726174657c693a313438343330343933343b696e666c75656e6365725f69647c733a31303a2265643532613233363639223b6272616e645f69647c733a31303a2238626538396533306238223b),
('bdb5m47tccskk41m4n1rsjf28eain9hi', '127.0.0.1', 1484304982, 0x5f5f63695f6c6173745f726567656e65726174657c693a313438343330343933343b696e666c75656e6365725f69647c733a31303a2265643532613233363639223b6272616e645f69647c733a31303a2238626538396533306238223b),
('nsdmc2pc4ue26ghraljivijkvhqgk0d0', '127.0.0.1', 1484878527, 0x5f5f63695f6c6173745f726567656e65726174657c693a313438343837383532373b696e666c75656e6365725f69647c733a31303a2265643532613233363639223b),
('len8m714tif8ggpv57e2iln62019cpl3', '127.0.0.1', 1484877402, 0x5f5f63695f6c6173745f726567656e65726174657c693a313438343837373430323b),
('a1tk2g43ag1lgpb5e46sfn8mv0csajur', '127.0.0.1', 1484878927, 0x5f5f63695f6c6173745f726567656e65726174657c693a313438343837383932373b696e666c75656e6365725f69647c733a31303a2265643532613233363639223b),
('5tblv4ptav045oornt8tnt48jda2cjep', '127.0.0.1', 1484879554, 0x5f5f63695f6c6173745f726567656e65726174657c693a313438343837393535343b696e666c75656e6365725f69647c733a31303a2265643532613233363639223b6272616e645f69647c733a31303a2238626538396533306238223b),
('b888j1bj2gt181fsmet3le4og2abm71e', '127.0.0.1', 1484879884, 0x5f5f63695f6c6173745f726567656e65726174657c693a313438343837393838343b696e666c75656e6365725f69647c733a31303a2265643532613233363639223b6272616e645f69647c733a31303a2238626538396533306238223b),
('ep93jlbd5lg0m1qqcm8jhd0h89het6si', '127.0.0.1', 1484880264, 0x5f5f63695f6c6173745f726567656e65726174657c693a313438343838303236343b696e666c75656e6365725f69647c733a31303a2265643532613233363639223b6272616e645f69647c733a31303a2238626538396533306238223b),
('d9pn877g5in2q3ak0lhdhd3bqrr90dve', '127.0.0.1', 1484880851, 0x5f5f63695f6c6173745f726567656e65726174657c693a313438343838303835313b696e666c75656e6365725f69647c733a31303a2265643532613233363639223b6272616e645f69647c733a31303a2238626538396533306238223b),
('mmt5qmm444fgurtq1n82kabvc5k1k6q5', '127.0.0.1', 1484881327, 0x5f5f63695f6c6173745f726567656e65726174657c693a313438343838313332373b696e666c75656e6365725f69647c733a31303a2265643532613233363639223b6272616e645f69647c733a31303a2238626538396533306238223b),
('kjj8m8e1h46cabu2rutcel0c4fckmalo', '127.0.0.1', 1484888118, 0x5f5f63695f6c6173745f726567656e65726174657c693a313438343838383131383b696e666c75656e6365725f69647c733a31303a2265643532613233363639223b6272616e645f69647c733a31303a2238626538396533306238223b),
('g8jm7vsaoujg2pljnvfoh47nv8lp79el', '127.0.0.1', 1484890469, 0x5f5f63695f6c6173745f726567656e65726174657c693a313438343839303436393b696e666c75656e6365725f69647c733a31303a2265643532613233363639223b6272616e645f69647c733a31303a2238626538396533306238223b),
('9hhkqnc4ioafhhnnqplu4vhgu1rakg8f', '127.0.0.1', 1484890805, 0x5f5f63695f6c6173745f726567656e65726174657c693a313438343839303830353b696e666c75656e6365725f69647c733a31303a2265643532613233363639223b6272616e645f69647c733a31303a2238626538396533306238223b),
('73uera8beu8iaoe92cd49k47t4vn1fij', '127.0.0.1', 1484891686, 0x5f5f63695f6c6173745f726567656e65726174657c693a313438343839313638363b696e666c75656e6365725f69647c733a31303a2265643532613233363639223b6272616e645f69647c733a31303a2238626538396533306238223b),
('i674p04han97e3on7l08q4imv74a9l03', '127.0.0.1', 1484894388, 0x5f5f63695f6c6173745f726567656e65726174657c693a313438343839343338383b696e666c75656e6365725f69647c733a31303a2265643532613233363639223b6272616e645f69647c733a31303a2238626538396533306238223b),
('d71qevf76fqvrnep7n1qc0ijqa1gu44b', '127.0.0.1', 1484894710, 0x5f5f63695f6c6173745f726567656e65726174657c693a313438343839343731303b696e666c75656e6365725f69647c733a31303a2265643532613233363639223b6272616e645f69647c733a31303a2238626538396533306238223b),
('lsf4isg362o2s1fvio5u60tabmjpgr1l', '127.0.0.1', 1484897673, 0x5f5f63695f6c6173745f726567656e65726174657c693a313438343839373637333b696e666c75656e6365725f69647c733a31303a2265643532613233363639223b6272616e645f69647c733a31303a2238626538396533306238223b),
('6u9thq7ji4fbds1d47qctkam1se3u5fb', '127.0.0.1', 1484899934, 0x5f5f63695f6c6173745f726567656e65726174657c693a313438343839393933343b696e666c75656e6365725f69647c733a31303a2265643532613233363639223b6272616e645f69647c733a31303a2238626538396533306238223b),
('fgnec8jgir5rlo63ocq8iqh1jbc4obml', '127.0.0.1', 1484899941, 0x5f5f63695f6c6173745f726567656e65726174657c693a313438343839393933343b696e666c75656e6365725f69647c733a31303a2265643532613233363639223b6272616e645f69647c733a31303a2238626538396533306238223b),
('hgnk9n218t3rsspdkl646nu133gvlvgh', '127.0.0.1', 1484910467, 0x5f5f63695f6c6173745f726567656e65726174657c693a313438343931303436353b),
('l6bj5fupck3nb1kilo2svu2pvcgd6kgj', '127.0.0.1', 1485397818, 0x5f5f63695f6c6173745f726567656e65726174657c693a313438353339373831383b),
('6pfgdgh25t9453btooamhvoq791vau83', '127.0.0.1', 1485393902, 0x5f5f63695f6c6173745f726567656e65726174657c693a313438353339333930313b),
('q42fnd5fh37i9v156j7k4aljtvrnjpte', '127.0.0.1', 1485398135, 0x5f5f63695f6c6173745f726567656e65726174657c693a313438353339383133353b696e666c75656e6365725f69647c733a31303a2265643532613233363639223b),
('sg36b5qv97aru40hib7gurp6me119m1n', '127.0.0.1', 1485398444, 0x5f5f63695f6c6173745f726567656e65726174657c693a313438353339383434343b696e666c75656e6365725f69647c733a31303a2265643532613233363639223b),
('kba10t9eh34tl977vds7rcdl5disfu31', '127.0.0.1', 1485398505, 0x5f5f63695f6c6173745f726567656e65726174657c693a313438353339383434343b696e666c75656e6365725f69647c733a31303a2265643532613233363639223b);

-- --------------------------------------------------------

--
-- Table structure for table `influencer`
--

CREATE TABLE `influencer` (
  `id` varchar(20) COLLATE utf8_unicode_ci NOT NULL,
  `username` varchar(100) COLLATE utf8_unicode_ci NOT NULL,
  `password` varchar(100) COLLATE utf8_unicode_ci NOT NULL,
  `social_id` varchar(100) COLLATE utf8_unicode_ci DEFAULT NULL,
  `name` text COLLATE utf8_unicode_ci,
  `sucscribe` int(10) DEFAULT NULL,
  `view` int(10) DEFAULT NULL,
  `rating` int(10) DEFAULT NULL,
  `profile_picture` text COLLATE utf8_unicode_ci,
  `creator_type` enum('influencer') COLLATE utf8_unicode_ci NOT NULL DEFAULT 'influencer'
) ENGINE=InnoDB DEFAULT CHARSET=utf8 COLLATE=utf8_unicode_ci;

--
-- Dumping data for table `influencer`
--

INSERT INTO `influencer` (`id`, `username`, `password`, `social_id`, `name`, `sucscribe`, `view`, `rating`, `profile_picture`, `creator_type`) VALUES
('ed52a23669', 'sereepap2029', '12345', NULL, 'influencer1', 5000, 1000000, NULL, NULL, 'influencer');

-- --------------------------------------------------------

--
-- Table structure for table `producer`
--

CREATE TABLE `producer` (
  `id` varchar(20) COLLATE utf8_unicode_ci NOT NULL,
  `username` varchar(100) COLLATE utf8_unicode_ci NOT NULL,
  `password` varchar(100) COLLATE utf8_unicode_ci NOT NULL,
  `social_id` varchar(100) COLLATE utf8_unicode_ci DEFAULT NULL,
  `name` text COLLATE utf8_unicode_ci,
  `career` text COLLATE utf8_unicode_ci,
  `rating` int(10) DEFAULT NULL,
  `profile_picture` text COLLATE utf8_unicode_ci,
  `creator_type` enum('producer') COLLATE utf8_unicode_ci NOT NULL DEFAULT 'producer'
) ENGINE=InnoDB DEFAULT CHARSET=utf8 COLLATE=utf8_unicode_ci;

--
-- Dumping data for table `producer`
--

INSERT INTO `producer` (`id`, `username`, `password`, `social_id`, `name`, `career`, `rating`, `profile_picture`, `creator_type`) VALUES
('436cea6df3', 'sereepap2029', '12345', NULL, 'Producer', 'Video creator', NULL, NULL, 'producer');

--
-- Indexes for dumped tables
--

--
-- Indexes for table `brand`
--
ALTER TABLE `brand`
  ADD PRIMARY KEY (`id`);

--
-- Indexes for table `campaign`
--
ALTER TABLE `campaign`
  ADD PRIMARY KEY (`id`);

--
-- Indexes for table `campaign_creator`
--
ALTER TABLE `campaign_creator`
  ADD PRIMARY KEY (`id`);

--
-- Indexes for table `campaign_creator_has_creator`
--
ALTER TABLE `campaign_creator_has_creator`
  ADD PRIMARY KEY (`id`);

--
-- Indexes for table `campaign_has_creator`
--
ALTER TABLE `campaign_has_creator`
  ADD PRIMARY KEY (`id`);

--
-- Indexes for table `campaign_has_social`
--
ALTER TABLE `campaign_has_social`
  ADD PRIMARY KEY (`id`);

--
-- Indexes for table `ci_sessions`
--
ALTER TABLE `ci_sessions`
  ADD KEY `ci_sessions_timestamp` (`timestamp`);

--
-- Indexes for table `influencer`
--
ALTER TABLE `influencer`
  ADD PRIMARY KEY (`id`);

--
-- Indexes for table `producer`
--
ALTER TABLE `producer`
  ADD PRIMARY KEY (`id`);

/*!40101 SET CHARACTER_SET_CLIENT=@OLD_CHARACTER_SET_CLIENT */;
/*!40101 SET CHARACTER_SET_RESULTS=@OLD_CHARACTER_SET_RESULTS */;
/*!40101 SET COLLATION_CONNECTION=@OLD_COLLATION_CONNECTION */;
